bam,Anti,sample_id,species,location,reef_bay
16_S16_L001_R1_001_ACCA.nosymbio.fastq.bam,ACCA,43,SSID,Curacao,Bay
16_S16_L001_R1_001_AGAC.nosymbio.fastq.bam,AGAC,42,SSID,Curacao,Bay
16_S16_L001_R1_001_AGTG.nosymbio.fastq.bam,AGTG,44,SSID,Curacao,Bay
16_S16_L001_R1_001_CATC.nosymbio.fastq.bam,CATC,45,SSID,Curacao,Bay
16_S16_L001_R1_001_CTAC.nosymbio.fastq.bam,CTAC,49,SSID,Curacao,Bay
16_S16_L001_R1_001_GACT.nosymbio.fastq.bam,GACT,62,SSID,Curacao,Reef
16_S16_L001_R1_001_GCTT.nosymbio.fastq.bam,GCTT,48,SSID,Curacao,Bay
16_S16_L001_R1_001_GTGA.nosymbio.fastq.bam,GTGA,46,SSID,Curacao,Bay
16_S16_L001_R1_001_TCAC.nosymbio.fastq.bam,TCAC,61,SSID,Curacao,Reef
16_S16_L001_R1_001_TCAG.nosymbio.fastq.bam,TCAG,47A,SSID,Curacao,Bay
16_S16_L001_R1_001_TGGT.nosymbio.fastq.bam,TGGT,41A,SSID,Curacao,Bay
16_S16_L001_R1_001_TGTC.nosymbio.fastq.bam,TGTC,50,SSID,Curacao,Bay
17_S17_L001_R1_001_ACCA.nosymbio.fastq.bam,ACCA,65A,SSID,Curacao,Reef
17_S17_L001_R1_001_AGAC.nosymbio.fastq.bam,AGAC,64,SSID,Curacao,Reef
17_S17_L001_R1_001_AGTG.nosymbio.fastq.bam,AGTG,66,SSID,Curacao,Reef
17_S17_L001_R1_001_CATC.nosymbio.fastq.bam,CATC,67,SSID,Curacao,Reef
17_S17_L001_R1_001_CTAC.nosymbio.fastq.bam,CTAC,41B,SSID,Curacao,Bay
17_S17_L001_R1_001_GACT.nosymbio.fastq.bam,GACT,70A,SSID,Curacao,Reef
17_S17_L001_R1_001_GCTT.nosymbio.fastq.bam,GCTT,70B,SSID,Curacao,Reef
17_S17_L001_R1_001_GTGA.nosymbio.fastq.bam,GTGA,68,SSID,Curacao,Reef
17_S17_L001_R1_001_TCAC.nosymbio.fastq.bam,TCAC,47B,SSID,Curacao,Bay
17_S17_L001_R1_001_TCAG.nosymbio.fastq.bam,TCAG,69,SSID,Curacao,Reef
17_S17_L001_R1_001_TGGT.nosymbio.fastq.bam,TGGT,63,SSID,Curacao,Reef
17_S17_L001_R1_001_TGTC.nosymbio.fastq.bam,TGTC,65B,SSID,Curacao,Reef