bam,remove,sample_id,species,location,reef_bay,gen_site,lineage,site
16_S16_L001_R1_001_ACCA.nosymbio.fastq.bam,NA,43,SSID,Curacao,Bay,NA,unknown,Bay
16_S16_L001_R1_001_AGAC.nosymbio.fastq.bam,NA,42,SSID,Curacao,Bay,NA,unknown,Bay
16_S16_L001_R1_001_AGTG.nosymbio.fastq.bam,NA,44,SSID,Curacao,Bay,NA,unknown,Bay
16_S16_L001_R1_001_CATC.nosymbio.fastq.bam,NA,45,SSID,Curacao,Bay,NA,unknown,Bay
16_S16_L001_R1_001_CTAC.nosymbio.fastq.bam,NA,49,SSID,Curacao,Bay,NA,unknown,Bay
16_S16_L001_R1_001_GACT.nosymbio.fastq.bam,NA,62,SSID,Curacao,Reef,NA,unknown,Reef
16_S16_L001_R1_001_GCTT.nosymbio.fastq.bam,NA,48,SSID,Curacao,Bay,NA,unknown,Bay
16_S16_L001_R1_001_GTGA.nosymbio.fastq.bam,NA,46,SSID,Curacao,Bay,NA,unknown,Bay
16_S16_L001_R1_001_TCAC.nosymbio.fastq.bam,NA,61,SSID,Curacao,Reef,NA,unknown,Reef
16_S16_L001_R1_001_TGTC.nosymbio.fastq.bam,NA,50,SSID,Curacao,Bay,NA,unknown,Bay
17_S17_L001_R1_001_ACCA.nosymbio.fastq.bam,NA,65A,SSID,Curacao,Reef,NA,unknown,Reef
17_S17_L001_R1_001_AGAC.nosymbio.fastq.bam,NA,64,SSID,Curacao,Reef,NA,unknown,Reef
17_S17_L001_R1_001_AGTG.nosymbio.fastq.bam,NA,66,SSID,Curacao,Reef,NA,unknown,Reef
17_S17_L001_R1_001_CATC.nosymbio.fastq.bam,NA,67,SSID,Curacao,Reef,NA,unknown,Reef
17_S17_L001_R1_001_CTAC.nosymbio.fastq.bam,NA,41B,SSID,Curacao,Bay,NA,unknown,Bay
17_S17_L001_R1_001_GCTT.nosymbio.fastq.bam,NA,70B,SSID,Curacao,Reef,NA,unknown,Reef
17_S17_L001_R1_001_GTGA.nosymbio.fastq.bam,NA,68,SSID,Curacao,Reef,NA,unknown,Reef
17_S17_L001_R1_001_TCAC.nosymbio.fastq.bam,NA,47B,SSID,Curacao,Bay,NA,unknown,Bay
17_S17_L001_R1_001_TCAG.nosymbio.fastq.bam,NA,69,SSID,Curacao,Reef,NA,unknown,Reef
17_S17_L001_R1_001_TGGT.nosymbio.fastq.bam,NA,63,SSID,Curacao,Reef,NA,unknown,Reef
SRR24593955.fastq.bam,NA,I4I,SSID,Panama,Inner Reef,I4I,L2,PD
SRR24593956.fastq.bam,NA,O3B,SSID,Panama,Outer Reef,O3B,L1,CA
SRR24593959.fastq.bam,NA,O2A,SSID,Panama,Outer Reef,O2A,L1,BS
SRR24593965.fastq.bam,NA,I4E,SSID,Panama,Inner Reef,I4E,L2,PD
SRR24593967.fastq.bam,NA,O4H,SSID,Panama,Outer Reef,O4H,L1,BN
SRR24593968.fastq.bam,NA,I4D,SSID,Panama,Inner Reef,I4D,L2,PD
SRR24593969.fastq.bam,NA,I2F,SSID,Panama,Inner Reef,I2F,L2,SP
SRR24593970.fastq.bam,NA,O3D,SSID,Panama,Outer Reef,O3D,L1,CA
SRR24593971.fastq.bam,NA,I3G,SSID,Panama,Inner Reef,I3G,L2,CI
SRR24593972.fastq.bam,NA,I2G,SSID,Panama,Inner Reef,I2G,L2,SP
SRR24593973.fastq.bam,NA,O2G,SSID,Panama,Outer Reef,O2G,L2,BS
SRR24593974.fastq.bam,NA,I3E,SSID,Panama,Inner Reef,I3E,L2,CI
SRR24593977.fastq.bam,NA,I2C,SSID,Panama,Inner Reef,I2C,L2,SP
SRR24593978.fastq.bam,NA,O4B,SSID,Panama,Outer Reef,O4B,L1,BN
SRR24593980.fastq.bam,NA,O2F,SSID,Panama,Outer Reef,O2F,L1,BS
SRR24593981.fastq.bam,NA,O2H,SSID,Panama,Outer Reef,O2H,L1,BS
SRR24593982.fastq.bam,NA,I2D,SSID,Panama,Inner Reef,I2D,L3,SP
SRR24593983.fastq.bam,NA,I4C,SSID,Panama,Inner Reef,I4C,L2,PD
SRR24593984.fastq.bam,NA,I4B,SSID,Panama,Inner Reef,I4B,L2,PD
SRR24593985.fastq.bam,NA,I2I,SSID,Panama,Inner Reef,I2I,L3,SP
SRR24593986.fastq.bam,NA,O3I,SSID,Panama,Outer Reef,O3I,L1,CA
SRR24593987.fastq.bam,NA,I3H,SSID,Panama,Inner Reef,I3H,L1,CI
SRR24593988.fastq.bam,NA,O2E,SSID,Panama,Outer Reef,O2E,L1,BS
SRR24593989.fastq.bam,NA,O4E,SSID,Panama,Outer Reef,O4E,L1,BN
SRR24593990.fastq.bam,NA,O2D,SSID,Panama,Outer Reef,O2D,L1,BS
SRR24593991.fastq.bam,NA,O3C,SSID,Panama,Outer Reef,O3C,L1,CA
SRR24593992.fastq.bam,NA,I4A,SSID,Panama,Inner Reef,I4A,L1,PD
SRR24593993.fastq.bam,NA,O4F,SSID,Panama,Outer Reef,O4F,L1,BN
SRR24593994.fastq.bam,NA,O3G,SSID,Panama,Outer Reef,O3G,L1,CA
SRR24593995.fastq.bam,NA,O2C,SSID,Panama,Outer Reef,O2C,L1,BS
SRR24593996.fastq.bam,NA,O2B,SSID,Panama,Outer Reef,O2B,L1,BS
SRR24593997.fastq.bam,NA,I4F,SSID,Panama,Inner Reef,I4F,L2,PD
SRR24593998.fastq.bam,NA,I4H,SSID,Panama,Inner Reef,I4H,L2,PD
SRR24593999.fastq.bam,NA,I3A,SSID,Panama,Inner Reef,I3A,L1,CI
SRR24594000.fastq.bam,NA,O3E,SSID,Panama,Outer Reef,O3E,L1,CA
SRR24594001.fastq.bam,NA,O4G,SSID,Panama,Outer Reef,O4G,L1,BN
SRR24594002.fastq.bam,NA,I3D,SSID,Panama,Inner Reef,I3D,L2,CI
SRR24594003.fastq.bam,NA,I3I,SSID,Panama,Inner Reef,I3I,L1,CI
SRR24594004.fastq.bam,NA,O4D,SSID,Panama,Outer Reef,O4D,L1,BN
SRR24594005.fastq.bam,NA,I2A,SSID,Panama,Inner Reef,I2A,L2,SP
SRR24594006.fastq.bam,NA,I3F,SSID,Panama,Inner Reef,I3F,L1,CI
SRR24594007.fastq.bam,NA,I2B,SSID,Panama,Inner Reef,I2B,L2,SP
SRR24594008.fastq.bam,NA,O4C,SSID,Panama,Outer Reef,O4C,L1,BN
SRR24594009.fastq.bam,NA,O4A,SSID,Panama,Outer Reef,O4A,L1,BN
SRR24594010.fastq.bam,NA,O3F,SSID,Panama,Outer Reef,O3F,L1,CA
SRR24594011.fastq.bam,NA,O3H,SSID,Panama,Outer Reef,O3H,L1,CA
SRR24594012.fastq.bam,NA,O2I,SSID,Panama,Outer Reef,O2I,L1,BS
SRR24594013.fastq.bam,NA,I2E,SSID,Panama,Inner Reef,I2E,L2,SP
SRR24594014.fastq.bam,NA,I2H,SSID,Panama,Inner Reef,I2H,L3,SP
SRR24594015.fastq.bam,NA,I3C,SSID,Panama,Inner Reef,I3C,L2,CI