"","bam","remove","sample_id","species","location","reef_bay","gen_site","lineage","site"
"1","16_S16_L001_R1_001_TCAG.nosymbio.fastq.bam","y","47A","SSID","Curacao","Bay",NA,"unknown","Bay"
"2","16_S16_L001_R1_001_TGGT.nosymbio.fastq.bam","y","41A","SSID","Curacao","Bay",NA,"unknown","Bay"
"3","17_S17_L001_R1_001_GACT.nosymbio.fastq.bam","y","70A","SSID","Curacao","Reef",NA,"unknown","Reef"
"4","17_S17_L001_R1_001_TGTC.nosymbio.fastq.bam","y","65B","SSID","Curacao","Reef",NA,"unknown","Reef"
"5","SRR24593957.fastq.bam","y","I4G","SSID","Panama","Inner Reef","I4G","unknown","PD"
"6","SRR24593958.fastq.bam","y","O2A_CLONE","SSID","Panama","Outer Reef","O2A_CLONE","unknown","BS"
"7","SRR24593960.fastq.bam","y","O4A_CLONE","SSID","Panama","Outer Reef","O4A_CLONE","unknown","BN"
"8","SRR24593961.fastq.bam","y","O3B_CLONE","SSID","Panama","Outer Reef","O3B_CLONE","unknown","CA"
"9","SRR24593962.fastq.bam","y","I3H_CLONE","SSID","Panama","Inner Reef","I3H_CLONE","unknown","CI"
"10","SRR24593963.fastq.bam","y","I2E_CLONE2","SSID","Panama","Inner Reef","I2E_CLONE2","unknown","SP"
"11","SRR24593964.fastq.bam","y","I4A_CLONE","SSID","Panama","Inner Reef","I4A_CLONE","unknown","PD"
"12","SRR24593966.fastq.bam","y","I3C_CLONE","SSID","Panama","Inner Reef","I3C_CLONE","unknown","CI"
"13","SRR24593975.fastq.bam","y","O2E_CLONE","SSID","Panama","Outer Reef","O2E_CLONE","unknown","BS"
"14","SRR24593976.fastq.bam","y","O4E_CLONE","SSID","Panama","Outer Reef","O4E_CLONE","unknown","BN"
"15","SRR24593979.fastq.bam","y","I2E_CLONE","SSID","Panama","Inner Reef","I2E_CLONE","unknown","SP"
