Run,bam,Assay Type,AssemblyName,AvgSpotLen,Bases,BioProject,BioSample,BioSampleModel,Bytes,Center Name,Collection_Date,Consent,DATASTORE filetype,DATASTORE provider,DATASTORE region,Depth,Experiment,fasta_file (run),geo_loc_name_country,geo_loc_name_country_continent,geo_loc_name,Instrument,isolate,isolation_source,Library Name,LibraryLayout,LibrarySelection,LibrarySource,Organism,Platform,ReleaseDate,create_date,version,Sample Name,SRA Study,tissue
SRR24593955,SRR24593955.fastq.bam,RAD-Seq,assembly,36,6328332,PRJNA973074,SAMN35112923,Invertebrate,2686000,BOSTON UNIVERSITY,2015,public,"sra,run.zq,bam","ncbi,gs,s3","ncbi.public,gs.us-east1,s3.us-east-1",8 ft,SRX20377372,cdh_alltags_cc.fasta,Panama,North America,Panama: Bocas del Toro,Illumina HiSeq 2500,not applicable,#NAME?,I4I,SINGLE,Reduced Representation,GENOMIC,Siderastrea siderea,ILLUMINA,2023-05-16T00:00:00Z,2023-05-16T14:58:00Z,1,I4I,SRP438050,Coral host
SRR24593956,SRR24593956.fastq.bam,RAD-Seq,assembly,36,29104812,PRJNA973074,SAMN35112922,Invertebrate,8239841,BOSTON UNIVERSITY,2015,public,"run.zq,sra,bam","ncbi,gs,s3","gs.us-east1,s3.us-east-1,ncbi.public",6 ft,SRX20377371,cdh_alltags_cc.fasta,Panama,North America,Panama: Bocas del Toro,Illumina HiSeq 2500,not applicable,#NAME?,O3B,SINGLE,Reduced Representation,GENOMIC,Siderastrea siderea,ILLUMINA,2023-05-16T00:00:00Z,2023-05-16T14:58:00Z,1,O3B,SRP438050,Coral host
SRR24593957,SRR24593957.fastq.bam,RAD-Seq,assembly,36,1374984,PRJNA973074,SAMN35112921,Invertebrate,1425910,BOSTON UNIVERSITY,2015,public,"run.zq,bam,sra","gs,ncbi,s3","s3.us-east-1,ncbi.public,gs.us-east1",8 ft,SRX20377370,cdh_alltags_cc.fasta,Panama,North America,Panama: Bocas del Toro,Illumina HiSeq 2500,not applicable,#NAME?,I4G,SINGLE,Reduced Representation,GENOMIC,Siderastrea siderea,ILLUMINA,2023-05-16T00:00:00Z,2023-05-16T14:58:00Z,1,I4G,SRP438050,Coral host
SRR24593958,SRR24593958.fastq.bam,RAD-Seq,assembly,36,24009912,PRJNA973074,SAMN35112974,Invertebrate,7052108,BOSTON UNIVERSITY,2015,public,"run.zq,sra,bam","s3,gs,ncbi","s3.us-east-1,ncbi.public,gs.us-east1",6 ft,SRX20377369,cdh_alltags_cc.fasta,Panama,North America,Panama: Bocas del Toro,Illumina HiSeq 2500,not applicable,"O2\, O2A genet replicate 1",O2A_CLONE,SINGLE,Reduced Representation,GENOMIC,Siderastrea siderea,ILLUMINA,2023-05-16T00:00:00Z,2023-05-16T14:58:00Z,1,O2A_CLONE,SRP438050,Coral host
SRR24593959,SRR24593959.fastq.bam,RAD-Seq,assembly,36,5158224,PRJNA973074,SAMN35112920,Invertebrate,2370392,BOSTON UNIVERSITY,2015,public,"sra,bam,run.zq","s3,gs,ncbi","ncbi.public,s3.us-east-1,gs.us-east1",6 ft,SRX20377368,cdh_alltags_cc.fasta,Panama,North America,Panama: Bocas del Toro,Illumina HiSeq 2500,not applicable,#NAME?,O2A,SINGLE,Reduced Representation,GENOMIC,Siderastrea siderea,ILLUMINA,2023-05-16T00:00:00Z,2023-05-16T14:58:00Z,1,O2A,SRP438050,Coral host
SRR24593960,SRR24593960.fastq.bam,RAD-Seq,assembly,36,14137236,PRJNA973074,SAMN35112973,Invertebrate,4635359,BOSTON UNIVERSITY,2015,public,"sra,bam,run.zq","gs,s3,ncbi","s3.us-east-1,gs.us-east1,ncbi.public",10 ft,SRX20377367,cdh_alltags_cc.fasta,Panama,North America,Panama: Bocas del Toro,Illumina HiSeq 2500,not applicable,"O4\, O4A genet replicate 1",O4A_CLONE,SINGLE,Reduced Representation,GENOMIC,Siderastrea siderea,ILLUMINA,2023-05-16T00:00:00Z,2023-05-16T14:59:00Z,1,O4A_CLONE,SRP438050,Coral host
SRR24593961,SRR24593961.fastq.bam,RAD-Seq,assembly,36,21437496,PRJNA973074,SAMN35112972,Invertebrate,6418588,BOSTON UNIVERSITY,2015,public,"bam,sra,run.zq","gs,ncbi,s3","s3.us-east-1,ncbi.public,gs.us-east1",6 ft,SRX20377366,cdh_alltags_cc.fasta,Panama,North America,Panama: Bocas del Toro,Illumina HiSeq 2500,not applicable,"O3\, O3B genet replicate 1",O3B_CLONE,SINGLE,Reduced Representation,GENOMIC,Siderastrea siderea,ILLUMINA,2023-05-16T00:00:00Z,2023-05-16T14:59:00Z,1,O3B_CLONE,SRP438050,Coral host
SRR24593962,SRR24593962.fastq.bam,RAD-Seq,assembly,36,20088612,PRJNA973074,SAMN35112971,Invertebrate,6053262,BOSTON UNIVERSITY,2015,public,"run.zq,sra,bam","ncbi,gs,s3","gs.us-east1,ncbi.public,s3.us-east-1",5 ft,SRX20377365,cdh_alltags_cc.fasta,Panama,North America,Panama: Bocas del Toro,Illumina HiSeq 2500,not applicable,"I3\, I3H genet replicate 1",I3H_CLONE,SINGLE,Reduced Representation,GENOMIC,Siderastrea siderea,ILLUMINA,2023-05-16T00:00:00Z,2023-05-16T14:59:00Z,1,I3H_CLONE,SRP438050,Coral host
SRR24593963,SRR24593963.fastq.bam,RAD-Seq,assembly,36,6458976,PRJNA973074,SAMN35112970,Invertebrate,2763147,BOSTON UNIVERSITY,2015,public,"run.zq,bam,sra","gs,ncbi,s3","gs.us-east1,s3.us-east-1,ncbi.public",19 ft,SRX20377364,cdh_alltags_cc.fasta,Panama,North America,Panama: Bocas del Toro,Illumina HiSeq 2500,not applicable,"I2\, I2E genet replicate 2",I2E_CLONE2,SINGLE,Reduced Representation,GENOMIC,Siderastrea siderea,ILLUMINA,2023-05-16T00:00:00Z,2023-05-16T14:59:00Z,1,I2E_CLONE2,SRP438050,Coral host
SRR24593964,SRR24593964.fastq.bam,RAD-Seq,assembly,36,15448608,PRJNA973074,SAMN35112969,Invertebrate,5053856,BOSTON UNIVERSITY,2015,public,"sra,bam,run.zq","gs,s3,ncbi","gs.us-east1,ncbi.public,s3.us-east-1",8 ft,SRX20377363,cdh_alltags_cc.fasta,Panama,North America,Panama: Bocas del Toro,Illumina HiSeq 2500,not applicable,"I4\, I4A genet replicate 1",I4A_CLONE,SINGLE,Reduced Representation,GENOMIC,Siderastrea siderea,ILLUMINA,2023-05-16T00:00:00Z,2023-05-16T14:59:00Z,1,I4A_CLONE,SRP438050,Coral host
SRR24593965,SRR24593965.fastq.bam,RAD-Seq,assembly,36,14357016,PRJNA973074,SAMN35112968,Invertebrate,4801640,BOSTON UNIVERSITY,2015,public,"run.zq,bam,sra","s3,gs,ncbi","ncbi.public,s3.us-east-1,gs.us-east1",8 ft,SRX20377362,cdh_alltags_cc.fasta,Panama,North America,Panama: Bocas del Toro,Illumina HiSeq 2500,not applicable,#NAME?,I4E,SINGLE,Reduced Representation,GENOMIC,Siderastrea siderea,ILLUMINA,2023-05-16T00:00:00Z,2023-05-16T14:59:00Z,1,I4E,SRP438050,Coral host
SRR24593966,SRR24593966.fastq.bam,RAD-Seq,assembly,36,12859848,PRJNA973074,SAMN35112967,Invertebrate,4410722,BOSTON UNIVERSITY,2015,public,"sra,run.zq,bam","ncbi,gs,s3","s3.us-east-1,gs.us-east1,ncbi.public",5 ft,SRX20377361,cdh_alltags_cc.fasta,Panama,North America,Panama: Bocas del Toro,Illumina HiSeq 2500,not applicable,"I3\, I3C genet replicate 1",I3C_CLONE,SINGLE,Reduced Representation,GENOMIC,Siderastrea siderea,ILLUMINA,2023-05-16T00:00:00Z,2023-05-16T14:59:00Z,1,I3C_CLONE,SRP438050,Coral host
SRR24593967,SRR24593967.fastq.bam,RAD-Seq,assembly,36,13416984,PRJNA973074,SAMN35112966,Invertebrate,4528552,BOSTON UNIVERSITY,2015,public,"run.zq,bam,sra","ncbi,gs,s3","s3.us-east-1,ncbi.public,gs.us-east1",10 ft,SRX20377360,cdh_alltags_cc.fasta,Panama,North America,Panama: Bocas del Toro,Illumina HiSeq 2500,not applicable,#NAME?,O4H,SINGLE,Reduced Representation,GENOMIC,Siderastrea siderea,ILLUMINA,2023-05-16T00:00:00Z,2023-05-16T14:59:00Z,1,O4H,SRP438050,Coral host
SRR24593968,SRR24593968.fastq.bam,RAD-Seq,assembly,36,9069444,PRJNA973074,SAMN35112965,Invertebrate,3438644,BOSTON UNIVERSITY,2015,public,"sra,bam,run.zq","gs,s3,ncbi","gs.us-east1,ncbi.public,s3.us-east-1",8 ft,SRX20377359,cdh_alltags_cc.fasta,Panama,North America,Panama: Bocas del Toro,Illumina HiSeq 2500,not applicable,#NAME?,I4D,SINGLE,Reduced Representation,GENOMIC,Siderastrea siderea,ILLUMINA,2023-05-16T00:00:00Z,2023-05-16T14:59:00Z,1,I4D,SRP438050,Coral host
SRR24593969,SRR24593969.fastq.bam,RAD-Seq,assembly,36,6439572,PRJNA973074,SAMN35112964,Invertebrate,2777477,BOSTON UNIVERSITY,2015,public,"run.zq,sra,bam","s3,gs,ncbi","s3.us-east-1,gs.us-east1,ncbi.public",19 ft,SRX20377358,cdh_alltags_cc.fasta,Panama,North America,Panama: Bocas del Toro,Illumina HiSeq 2500,not applicable,#NAME?,I2F,SINGLE,Reduced Representation,GENOMIC,Siderastrea siderea,ILLUMINA,2023-05-16T00:00:00Z,2023-05-16T14:59:00Z,1,I2F,SRP438050,Coral host
SRR24593970,SRR24593970.fastq.bam,RAD-Seq,assembly,36,11206008,PRJNA973074,SAMN35112919,Invertebrate,3899058,BOSTON UNIVERSITY,2015,public,"run.zq,bam,sra","gs,ncbi,s3","gs.us-east1,s3.us-east-1,ncbi.public",6 ft,SRX20377357,cdh_alltags_cc.fasta,Panama,North America,Panama: Bocas del Toro,Illumina HiSeq 2500,not applicable,#NAME?,O3D,SINGLE,Reduced Representation,GENOMIC,Siderastrea siderea,ILLUMINA,2023-05-16T00:00:00Z,2023-05-16T15:00:00Z,1,O3D,SRP438050,Coral host
SRR24593971,SRR24593971.fastq.bam,RAD-Seq,assembly,36,17416260,PRJNA973074,SAMN35112963,Invertebrate,5575219,BOSTON UNIVERSITY,2015,public,"run.zq,bam,sra","s3,ncbi,gs","ncbi.public,gs.us-east1,s3.us-east-1",5 ft,SRX20377356,cdh_alltags_cc.fasta,Panama,North America,Panama: Bocas del Toro,Illumina HiSeq 2500,not applicable,#NAME?,I3G,SINGLE,Reduced Representation,GENOMIC,Siderastrea siderea,ILLUMINA,2023-05-16T00:00:00Z,2023-05-16T15:00:00Z,1,I3G,SRP438050,Coral host
SRR24593972,SRR24593972.fastq.bam,RAD-Seq,assembly,36,8668296,PRJNA973074,SAMN35112962,Invertebrate,3347488,BOSTON UNIVERSITY,2015,public,"run.zq,bam,sra","s3,gs,ncbi","gs.us-east1,s3.us-east-1,ncbi.public",19 ft,SRX20377355,cdh_alltags_cc.fasta,Panama,North America,Panama: Bocas del Toro,Illumina HiSeq 2500,not applicable,#NAME?,I2G,SINGLE,Reduced Representation,GENOMIC,Siderastrea siderea,ILLUMINA,2023-05-16T00:00:00Z,2023-05-16T15:00:00Z,1,I2G,SRP438050,Coral host
SRR24593973,SRR24593973.fastq.bam,RAD-Seq,assembly,36,7753500,PRJNA973074,SAMN35112961,Invertebrate,3069951,BOSTON UNIVERSITY,2015,public,"bam,run.zq,sra","gs,ncbi,s3","ncbi.public,s3.us-east-1,gs.us-east1",6 ft,SRX20377354,cdh_alltags_cc.fasta,Panama,North America,Panama: Bocas del Toro,Illumina HiSeq 2500,not applicable,#NAME?,O2G,SINGLE,Reduced Representation,GENOMIC,Siderastrea siderea,ILLUMINA,2023-05-16T00:00:00Z,2023-05-16T15:00:00Z,1,O2G,SRP438050,Coral host
SRR24593974,SRR24593974.fastq.bam,RAD-Seq,assembly,36,11751516,PRJNA973074,SAMN35112960,Invertebrate,4087906,BOSTON UNIVERSITY,2015,public,"sra,run.zq,bam","ncbi,s3,gs","ncbi.public,s3.us-east-1,gs.us-east1",5 ft,SRX20377353,cdh_alltags_cc.fasta,Panama,North America,Panama: Bocas del Toro,Illumina HiSeq 2500,not applicable,#NAME?,I3E,SINGLE,Reduced Representation,GENOMIC,Siderastrea siderea,ILLUMINA,2023-05-16T00:00:00Z,2023-05-16T15:00:00Z,1,I3E,SRP438050,Coral host
SRR24593975,SRR24593975.fastq.bam,RAD-Seq,assembly,36,17582328,PRJNA973074,SAMN35112959,Invertebrate,5474931,BOSTON UNIVERSITY,2015,public,"run.zq,bam,sra","gs,ncbi,s3","ncbi.public,gs.us-east1,s3.us-east-1",6 ft,SRX20377352,cdh_alltags_cc.fasta,Panama,North America,Panama: Bocas del Toro,Illumina HiSeq 2500,not applicable,"O2\, O2E genet replicate 1",O2E_CLONE,SINGLE,Reduced Representation,GENOMIC,Siderastrea siderea,ILLUMINA,2023-05-16T00:00:00Z,2023-05-16T15:00:00Z,1,O2E_CLONE,SRP438050,Coral host
SRR24593976,SRR24593976.fastq.bam,RAD-Seq,assembly,36,12133188,PRJNA973074,SAMN35112958,Invertebrate,4148104,BOSTON UNIVERSITY,2015,public,"bam,sra,run.zq","gs,ncbi,s3","gs.us-east1,s3.us-east-1,ncbi.public",10 ft,SRX20377351,cdh_alltags_cc.fasta,Panama,North America,Panama: Bocas del Toro,Illumina HiSeq 2500,not applicable,"O4\, O4E genet replicate 1",O4E_CLONE,SINGLE,Reduced Representation,GENOMIC,Siderastrea siderea,ILLUMINA,2023-05-16T00:00:00Z,2023-05-16T15:00:00Z,1,O4E_CLONE,SRP438050,Coral host
SRR24593977,SRR24593977.fastq.bam,RAD-Seq,assembly,36,10743840,PRJNA973074,SAMN35112957,Invertebrate,3818012,BOSTON UNIVERSITY,2015,public,"sra,run.zq,bam","ncbi,s3,gs","gs.us-east1,ncbi.public,s3.us-east-1",19 ft,SRX20377350,cdh_alltags_cc.fasta,Panama,North America,Panama: Bocas del Toro,Illumina HiSeq 2500,not applicable,#NAME?,I2C,SINGLE,Reduced Representation,GENOMIC,Siderastrea siderea,ILLUMINA,2023-05-16T00:00:00Z,2023-05-16T15:00:00Z,1,I2C,SRP438050,Coral host
SRR24593978,SRR24593978.fastq.bam,RAD-Seq,assembly,36,6257484,PRJNA973074,SAMN35112956,Invertebrate,2674296,BOSTON UNIVERSITY,2015,public,"sra,run.zq,bam","gs,ncbi,s3","gs.us-east1,ncbi.public,s3.us-east-1",10 ft,SRX20377349,cdh_alltags_cc.fasta,Panama,North America,Panama: Bocas del Toro,Illumina HiSeq 2500,not applicable,#NAME?,O4B,SINGLE,Reduced Representation,GENOMIC,Siderastrea siderea,ILLUMINA,2023-05-16T00:00:00Z,2023-05-16T15:00:00Z,1,O4B,SRP438050,Coral host
SRR24593979,SRR24593979.fastq.bam,RAD-Seq,assembly,36,9220644,PRJNA973074,SAMN35112955,Invertebrate,3442044,BOSTON UNIVERSITY,2015,public,"bam,run.zq,sra","gs,ncbi,s3","s3.us-east-1,ncbi.public,gs.us-east1",19 ft,SRX20377348,cdh_alltags_cc.fasta,Panama,North America,Panama: Bocas del Toro,Illumina HiSeq 2500,not applicable,"I2\, I2E genet replicate 1",I2E_CLONE,SINGLE,Reduced Representation,GENOMIC,Siderastrea siderea,ILLUMINA,2023-05-16T00:00:00Z,2023-05-16T15:00:00Z,1,I2E_CLONE,SRP438050,Coral host
SRR24593980,SRR24593980.fastq.bam,RAD-Seq,assembly,36,6700824,PRJNA973074,SAMN35112954,Invertebrate,2786937,BOSTON UNIVERSITY,2015,public,"sra,bam,run.zq","s3,gs,ncbi","ncbi.public,gs.us-east1,s3.us-east-1",6 ft,SRX20377347,cdh_alltags_cc.fasta,Panama,North America,Panama: Bocas del Toro,Illumina HiSeq 2500,not applicable,#NAME?,O2F,SINGLE,Reduced Representation,GENOMIC,Siderastrea siderea,ILLUMINA,2023-05-16T00:00:00Z,2023-05-16T15:00:00Z,1,O2F,SRP438050,Coral host
SRR24593981,SRR24593981.fastq.bam,RAD-Seq,assembly,36,52822872,PRJNA973074,SAMN35112918,Invertebrate,13899012,BOSTON UNIVERSITY,2015,public,"sra,bam,run.zq","ncbi,s3,gs","gs.us-east1,s3.us-east-1,ncbi.public",6 ft,SRX20377346,cdh_alltags_cc.fasta,Panama,North America,Panama: Bocas del Toro,Illumina HiSeq 2500,not applicable,#NAME?,O2H,SINGLE,Reduced Representation,GENOMIC,Siderastrea siderea,ILLUMINA,2023-05-16T00:00:00Z,2023-05-16T15:00:00Z,1,O2H,SRP438050,Coral host
SRR24593982,SRR24593982.fastq.bam,RAD-Seq,assembly,36,5788584,PRJNA973074,SAMN35112953,Invertebrate,2570830,BOSTON UNIVERSITY,2015,public,"bam,sra,run.zq","gs,s3,ncbi","s3.us-east-1,ncbi.public,gs.us-east1",19 ft,SRX20377345,cdh_alltags_cc.fasta,Panama,North America,Panama: Bocas del Toro,Illumina HiSeq 2500,not applicable,#NAME?,I2D,SINGLE,Reduced Representation,GENOMIC,Siderastrea siderea,ILLUMINA,2023-05-16T00:00:00Z,2023-05-16T15:00:00Z,1,I2D,SRP438050,Coral host
SRR24593983,SRR24593983.fastq.bam,RAD-Seq,assembly,36,8743428,PRJNA973074,SAMN35112952,Invertebrate,3313867,BOSTON UNIVERSITY,2015,public,"sra,bam,run.zq","s3,ncbi,gs","ncbi.public,gs.us-east1,s3.us-east-1",8 ft,SRX20377344,cdh_alltags_cc.fasta,Panama,North America,Panama: Bocas del Toro,Illumina HiSeq 2500,not applicable,#NAME?,I4C,SINGLE,Reduced Representation,GENOMIC,Siderastrea siderea,ILLUMINA,2023-05-16T00:00:00Z,2023-05-16T15:01:00Z,1,I4C,SRP438050,Coral host
SRR24593984,SRR24593984.fastq.bam,RAD-Seq,assembly,36,5637312,PRJNA973074,SAMN35112951,Invertebrate,2534301,BOSTON UNIVERSITY,2015,public,"run.zq,bam,sra","s3,gs,ncbi","s3.us-east-1,ncbi.public,gs.us-east1",8 ft,SRX20377343,cdh_alltags_cc.fasta,Panama,North America,Panama: Bocas del Toro,Illumina HiSeq 2500,not applicable,#NAME?,I4B,SINGLE,Reduced Representation,GENOMIC,Siderastrea siderea,ILLUMINA,2023-05-16T00:00:00Z,2023-05-16T15:01:00Z,1,I4B,SRP438050,Coral host
SRR24593985,SRR24593985.fastq.bam,RAD-Seq,assembly,36,9415440,PRJNA973074,SAMN35112950,Invertebrate,3488753,BOSTON UNIVERSITY,2015,public,"bam,sra,run.zq","ncbi,gs,s3","s3.us-east-1,gs.us-east1,ncbi.public",19 ft,SRX20377342,cdh_alltags_cc.fasta,Panama,North America,Panama: Bocas del Toro,Illumina HiSeq 2500,not applicable,#NAME?,I2I,SINGLE,Reduced Representation,GENOMIC,Siderastrea siderea,ILLUMINA,2023-05-16T00:00:00Z,2023-05-16T15:01:00Z,1,I2I,SRP438050,Coral host
SRR24593986,SRR24593986.fastq.bam,RAD-Seq,assembly,36,20852964,PRJNA973074,SAMN35112949,Invertebrate,6219638,BOSTON UNIVERSITY,2015,public,"sra,bam,run.zq","gs,s3,ncbi","ncbi.public,s3.us-east-1,gs.us-east1",6 ft,SRX20377341,cdh_alltags_cc.fasta,Panama,North America,Panama: Bocas del Toro,Illumina HiSeq 2500,not applicable,#NAME?,O3I,SINGLE,Reduced Representation,GENOMIC,Siderastrea siderea,ILLUMINA,2023-05-16T00:00:00Z,2023-05-16T15:01:00Z,1,O3I,SRP438050,Coral host
SRR24593987,SRR24593987.fastq.bam,RAD-Seq,assembly,36,8829000,PRJNA973074,SAMN35112948,Invertebrate,3318593,BOSTON UNIVERSITY,2015,public,"sra,bam,run.zq","gs,s3,ncbi","ncbi.public,gs.us-east1,s3.us-east-1",5 ft,SRX20377340,cdh_alltags_cc.fasta,Panama,North America,Panama: Bocas del Toro,Illumina HiSeq 2500,not applicable,#NAME?,I3H,SINGLE,Reduced Representation,GENOMIC,Siderastrea siderea,ILLUMINA,2023-05-16T00:00:00Z,2023-05-16T15:01:00Z,1,I3H,SRP438050,Coral host
SRR24593988,SRR24593988.fastq.bam,RAD-Seq,assembly,36,22200912,PRJNA973074,SAMN35112947,Invertebrate,6545753,BOSTON UNIVERSITY,2015,public,"sra,run.zq,bam","gs,ncbi,s3","gs.us-east1,ncbi.public,s3.us-east-1",6 ft,SRX20377339,cdh_alltags_cc.fasta,Panama,North America,Panama: Bocas del Toro,Illumina HiSeq 2500,not applicable,#NAME?,O2E,SINGLE,Reduced Representation,GENOMIC,Siderastrea siderea,ILLUMINA,2023-05-16T00:00:00Z,2023-05-16T15:01:00Z,1,O2E,SRP438050,Coral host
SRR24593989,SRR24593989.fastq.bam,RAD-Seq,assembly,36,16726680,PRJNA973074,SAMN35112946,Invertebrate,5258344,BOSTON UNIVERSITY,2015,public,"sra,run.zq,bam","ncbi,gs,s3","gs.us-east1,s3.us-east-1,ncbi.public",10 ft,SRX20377338,cdh_alltags_cc.fasta,Panama,North America,Panama: Bocas del Toro,Illumina HiSeq 2500,not applicable,#NAME?,O4E,SINGLE,Reduced Representation,GENOMIC,Siderastrea siderea,ILLUMINA,2023-05-16T00:00:00Z,2023-05-16T15:01:00Z,1,O4E,SRP438050,Coral host
SRR24593990,SRR24593990.fastq.bam,RAD-Seq,assembly,36,32974668,PRJNA973074,SAMN35112945,Invertebrate,9135435,BOSTON UNIVERSITY,2015,public,"sra,bam,run.zq","ncbi,gs,s3","gs.us-east1,s3.us-east-1,ncbi.public",6 ft,SRX20377337,cdh_alltags_cc.fasta,Panama,North America,Panama: Bocas del Toro,Illumina HiSeq 2500,not applicable,#NAME?,O2D,SINGLE,Reduced Representation,GENOMIC,Siderastrea siderea,ILLUMINA,2023-05-16T00:00:00Z,2023-05-16T15:01:00Z,1,O2D,SRP438050,Coral host
SRR24593991,SRR24593991.fastq.bam,RAD-Seq,assembly,36,25136928,PRJNA973074,SAMN35112944,Invertebrate,7251634,BOSTON UNIVERSITY,2015,public,"sra,run.zq,bam","gs,s3,ncbi","gs.us-east1,ncbi.public,s3.us-east-1",6 ft,SRX20377336,cdh_alltags_cc.fasta,Panama,North America,Panama: Bocas del Toro,Illumina HiSeq 2500,not applicable,#NAME?,O3C,SINGLE,Reduced Representation,GENOMIC,Siderastrea siderea,ILLUMINA,2023-05-16T00:00:00Z,2023-05-16T15:01:00Z,1,O3C,SRP438050,Coral host
SRR24593992,SRR24593992.fastq.bam,RAD-Seq,assembly,36,3816252,PRJNA973074,SAMN35112917,Invertebrate,2047722,BOSTON UNIVERSITY,2015,public,"bam,sra,run.zq","ncbi,s3,gs","s3.us-east-1,ncbi.public,gs.us-east1",8 ft,SRX20377335,cdh_alltags_cc.fasta,Panama,North America,Panama: Bocas del Toro,Illumina HiSeq 2500,not applicable,#NAME?,I4A,SINGLE,Reduced Representation,GENOMIC,Siderastrea siderea,ILLUMINA,2023-05-16T00:00:00Z,2023-05-16T15:01:00Z,1,I4A,SRP438050,Coral host
SRR24593993,SRR24593993.fastq.bam,RAD-Seq,assembly,36,4963752,PRJNA973074,SAMN35112943,Invertebrate,2354213,BOSTON UNIVERSITY,2015,public,"sra,run.zq,bam","ncbi,gs,s3","gs.us-east1,s3.us-east-1,ncbi.public",10 ft,SRX20377334,cdh_alltags_cc.fasta,Panama,North America,Panama: Bocas del Toro,Illumina HiSeq 2500,not applicable,#NAME?,O4F,SINGLE,Reduced Representation,GENOMIC,Siderastrea siderea,ILLUMINA,2023-05-16T00:00:00Z,2023-05-16T15:01:00Z,1,O4F,SRP438050,Coral host
SRR24593994,SRR24593994.fastq.bam,RAD-Seq,assembly,36,9196236,PRJNA973074,SAMN35112942,Invertebrate,3397907,BOSTON UNIVERSITY,2015,public,"run.zq,bam,sra","s3,ncbi,gs","gs.us-east1,ncbi.public,s3.us-east-1",6 ft,SRX20377333,cdh_alltags_cc.fasta,Panama,North America,Panama: Bocas del Toro,Illumina HiSeq 2500,not applicable,#NAME?,O3G,SINGLE,Reduced Representation,GENOMIC,Siderastrea siderea,ILLUMINA,2023-05-16T00:00:00Z,2023-05-16T15:01:00Z,1,O3G,SRP438050,Coral host
SRR24593995,SRR24593995.fastq.bam,RAD-Seq,assembly,36,10865844,PRJNA973074,SAMN35112941,Invertebrate,3799556,BOSTON UNIVERSITY,2015,public,"run.zq,sra,bam","gs,s3,ncbi","gs.us-east1,s3.us-east-1,ncbi.public",6 ft,SRX20377332,cdh_alltags_cc.fasta,Panama,North America,Panama: Bocas del Toro,Illumina HiSeq 2500,not applicable,#NAME?,O2C,SINGLE,Reduced Representation,GENOMIC,Siderastrea siderea,ILLUMINA,2023-05-16T00:00:00Z,2023-05-16T15:01:00Z,1,O2C,SRP438050,Coral host
SRR24593996,SRR24593996.fastq.bam,RAD-Seq,assembly,36,13792032,PRJNA973074,SAMN35112940,Invertebrate,4517386,BOSTON UNIVERSITY,2015,public,"sra,bam,run.zq","gs,ncbi,s3","s3.us-east-1,ncbi.public,gs.us-east1",6 ft,SRX20377331,cdh_alltags_cc.fasta,Panama,North America,Panama: Bocas del Toro,Illumina HiSeq 2500,not applicable,#NAME?,O2B,SINGLE,Reduced Representation,GENOMIC,Siderastrea siderea,ILLUMINA,2023-05-16T00:00:00Z,2023-05-16T15:01:00Z,1,O2B,SRP438050,Coral host
SRR24593997,SRR24593997.fastq.bam,RAD-Seq,assembly,36,16766388,PRJNA973074,SAMN35112939,Invertebrate,5288669,BOSTON UNIVERSITY,2015,public,"bam,run.zq,sra","ncbi,gs,s3","gs.us-east1,s3.us-east-1,ncbi.public",8 ft,SRX20377330,cdh_alltags_cc.fasta,Panama,North America,Panama: Bocas del Toro,Illumina HiSeq 2500,not applicable,#NAME?,I4F,SINGLE,Reduced Representation,GENOMIC,Siderastrea siderea,ILLUMINA,2023-05-16T00:00:00Z,2023-05-16T15:01:00Z,1,I4F,SRP438050,Coral host
SRR24593998,SRR24593998.fastq.bam,RAD-Seq,assembly,36,17371800,PRJNA973074,SAMN35112938,Invertebrate,5415484,BOSTON UNIVERSITY,2015,public,"sra,run.zq,bam","gs,s3,ncbi","s3.us-east-1,gs.us-east1,ncbi.public",8 ft,SRX20377329,cdh_alltags_cc.fasta,Panama,North America,Panama: Bocas del Toro,Illumina HiSeq 2500,not applicable,#NAME?,I4H,SINGLE,Reduced Representation,GENOMIC,Siderastrea siderea,ILLUMINA,2023-05-16T00:00:00Z,2023-05-16T15:02:00Z,1,I4H,SRP438050,Coral host
SRR24593999,SRR24593999.fastq.bam,RAD-Seq,assembly,36,28454040,PRJNA973074,SAMN35112937,Invertebrate,8033880,BOSTON UNIVERSITY,2015,public,"bam,run.zq,sra","ncbi,gs,s3","s3.us-east-1,ncbi.public,gs.us-east1",5 ft,SRX20377328,cdh_alltags_cc.fasta,Panama,North America,Panama: Bocas del Toro,Illumina HiSeq 2500,not applicable,#NAME?,I3A,SINGLE,Reduced Representation,GENOMIC,Siderastrea siderea,ILLUMINA,2023-05-16T00:00:00Z,2023-05-16T15:02:00Z,1,I3A,SRP438050,Coral host
SRR24594000,SRR24594000.fastq.bam,RAD-Seq,assembly,36,26370108,PRJNA973074,SAMN35112936,Invertebrate,7546056,BOSTON UNIVERSITY,2015,public,"sra,bam,run.zq","gs,s3,ncbi","s3.us-east-1,gs.us-east1,ncbi.public",6 ft,SRX20377327,cdh_alltags_cc.fasta,Panama,North America,Panama: Bocas del Toro,Illumina HiSeq 2500,not applicable,#NAME?,O3E,SINGLE,Reduced Representation,GENOMIC,Siderastrea siderea,ILLUMINA,2023-05-16T00:00:00Z,2023-05-16T15:02:00Z,1,O3E,SRP438050,Coral host
SRR24594001,SRR24594001.fastq.bam,RAD-Seq,assembly,36,6675804,PRJNA973074,SAMN35112935,Invertebrate,2757154,BOSTON UNIVERSITY,2015,public,"run.zq,sra,bam","s3,ncbi,gs","gs.us-east1,ncbi.public,s3.us-east-1",10 ft,SRX20377326,cdh_alltags_cc.fasta,Panama,North America,Panama: Bocas del Toro,Illumina HiSeq 2500,not applicable,#NAME?,O4G,SINGLE,Reduced Representation,GENOMIC,Siderastrea siderea,ILLUMINA,2023-05-16T00:00:00Z,2023-05-16T15:02:00Z,1,O4G,SRP438050,Coral host
SRR24594002,SRR24594002.fastq.bam,RAD-Seq,assembly,36,14554692,PRJNA973074,SAMN35112934,Invertebrate,4752379,BOSTON UNIVERSITY,2015,public,"sra,bam,run.zq","s3,gs,ncbi","ncbi.public,s3.us-east-1,gs.us-east1",5 ft,SRX20377325,cdh_alltags_cc.fasta,Panama,North America,Panama: Bocas del Toro,Illumina HiSeq 2500,not applicable,#NAME?,I3D,SINGLE,Reduced Representation,GENOMIC,Siderastrea siderea,ILLUMINA,2023-05-16T00:00:00Z,2023-05-16T15:02:00Z,1,I3D,SRP438050,Coral host
SRR24594003,SRR24594003.fastq.bam,RAD-Seq,assembly,36,16158996,PRJNA973074,SAMN35112916,Invertebrate,5069408,BOSTON UNIVERSITY,2015,public,"run.zq,sra,bam","s3,gs,ncbi","gs.us-east1,s3.us-east-1,ncbi.public",5 ft,SRX20377324,cdh_alltags_cc.fasta,Panama,North America,Panama: Bocas del Toro,Illumina HiSeq 2500,not applicable,#NAME?,I3I,SINGLE,Reduced Representation,GENOMIC,Siderastrea siderea,ILLUMINA,2023-05-16T00:00:00Z,2023-05-16T15:02:00Z,1,I3I,SRP438050,Coral host
SRR24594004,SRR24594004.fastq.bam,RAD-Seq,assembly,36,8157492,PRJNA973074,SAMN35112933,Invertebrate,3117037,BOSTON UNIVERSITY,2015,public,"sra,run.zq,bam","ncbi,gs,s3","gs.us-east1,ncbi.public,s3.us-east-1",10 ft,SRX20377323,cdh_alltags_cc.fasta,Panama,North America,Panama: Bocas del Toro,Illumina HiSeq 2500,not applicable,#NAME?,O4D,SINGLE,Reduced Representation,GENOMIC,Siderastrea siderea,ILLUMINA,2023-05-16T00:00:00Z,2023-05-16T15:02:00Z,1,O4D,SRP438050,Coral host
SRR24594005,SRR24594005.fastq.bam,RAD-Seq,assembly,36,14469876,PRJNA973074,SAMN35112932,Invertebrate,4679499,BOSTON UNIVERSITY,2015,public,"bam,run.zq,sra","s3,gs,ncbi","s3.us-east-1,gs.us-east1,ncbi.public",19 ft,SRX20377322,cdh_alltags_cc.fasta,Panama,North America,Panama: Bocas del Toro,Illumina HiSeq 2500,not applicable,#NAME?,I2A,SINGLE,Reduced Representation,GENOMIC,Siderastrea siderea,ILLUMINA,2023-05-16T00:00:00Z,2023-05-16T15:02:00Z,1,I2A,SRP438050,Coral host
SRR24594006,SRR24594006.fastq.bam,RAD-Seq,assembly,36,12370140,PRJNA973074,SAMN35112931,Invertebrate,4167979,BOSTON UNIVERSITY,2015,public,"run.zq,bam,sra","gs,ncbi,s3","gs.us-east1,s3.us-east-1,ncbi.public",5 ft,SRX20377321,cdh_alltags_cc.fasta,Panama,North America,Panama: Bocas del Toro,Illumina HiSeq 2500,not applicable,#NAME?,I3F,SINGLE,Reduced Representation,GENOMIC,Siderastrea siderea,ILLUMINA,2023-05-16T00:00:00Z,2023-05-16T15:02:00Z,1,I3F,SRP438050,Coral host
SRR24594007,SRR24594007.fastq.bam,RAD-Seq,assembly,36,9807120,PRJNA973074,SAMN35112930,Invertebrate,3566086,BOSTON UNIVERSITY,2015,public,"bam,sra,run.zq","ncbi,s3,gs","s3.us-east-1,ncbi.public,gs.us-east1",19 ft,SRX20377320,cdh_alltags_cc.fasta,Panama,North America,Panama: Bocas del Toro,Illumina HiSeq 2500,not applicable,#NAME?,I2B,SINGLE,Reduced Representation,GENOMIC,Siderastrea siderea,ILLUMINA,2023-05-16T00:00:00Z,2023-05-16T15:02:00Z,1,I2B,SRP438050,Coral host
SRR24594008,SRR24594008.fastq.bam,RAD-Seq,assembly,36,5794380,PRJNA973074,SAMN35112929,Invertebrate,2537041,BOSTON UNIVERSITY,2015,public,"run.zq,sra,bam","ncbi,gs,s3","gs.us-east1,ncbi.public,s3.us-east-1",10 ft,SRX20377319,cdh_alltags_cc.fasta,Panama,North America,Panama: Bocas del Toro,Illumina HiSeq 2500,not applicable,#NAME?,O4C,SINGLE,Reduced Representation,GENOMIC,Siderastrea siderea,ILLUMINA,2023-05-16T00:00:00Z,2023-05-16T15:02:00Z,1,O4C,SRP438050,Coral host
SRR24594009,SRR24594009.fastq.bam,RAD-Seq,assembly,36,12962664,PRJNA973074,SAMN35112928,Invertebrate,4299005,BOSTON UNIVERSITY,2015,public,"bam,run.zq,sra","gs,ncbi,s3","ncbi.public,gs.us-east1,s3.us-east-1",10 ft,SRX20377318,cdh_alltags_cc.fasta,Panama,North America,Panama: Bocas del Toro,Illumina HiSeq 2500,not applicable,#NAME?,O4A,SINGLE,Reduced Representation,GENOMIC,Siderastrea siderea,ILLUMINA,2023-05-16T00:00:00Z,2023-05-16T15:02:00Z,1,O4A,SRP438050,Coral host
SRR24594010,SRR24594010.fastq.bam,RAD-Seq,assembly,36,13725288,PRJNA973074,SAMN35112927,Invertebrate,4479921,BOSTON UNIVERSITY,2015,public,"run.zq,bam,sra","gs,ncbi,s3","gs.us-east1,ncbi.public,s3.us-east-1",6 ft,SRX20377317,cdh_alltags_cc.fasta,Panama,North America,Panama: Bocas del Toro,Illumina HiSeq 2500,not applicable,#NAME?,O3F,SINGLE,Reduced Representation,GENOMIC,Siderastrea siderea,ILLUMINA,2023-05-16T00:00:00Z,2023-05-16T15:02:00Z,1,O3F,SRP438050,Coral host
SRR24594011,SRR24594011.fastq.bam,RAD-Seq,assembly,36,8012520,PRJNA973074,SAMN35112926,Invertebrate,3086169,BOSTON UNIVERSITY,2015,public,"run.zq,sra,bam","gs,s3,ncbi","s3.us-east-1,gs.us-east1,ncbi.public",6 ft,SRX20377316,cdh_alltags_cc.fasta,Panama,North America,Panama: Bocas del Toro,Illumina HiSeq 2500,not applicable,#NAME?,O3H,SINGLE,Reduced Representation,GENOMIC,Siderastrea siderea,ILLUMINA,2023-05-16T00:00:00Z,2023-05-16T15:02:00Z,1,O3H,SRP438050,Coral host
SRR24594012,SRR24594012.fastq.bam,RAD-Seq,assembly,36,30786084,PRJNA973074,SAMN35112925,Invertebrate,8622681,BOSTON UNIVERSITY,2015,public,"sra,bam,run.zq","ncbi,gs,s3","ncbi.public,s3.us-east-1,gs.us-east1",6 ft,SRX20377315,cdh_alltags_cc.fasta,Panama,North America,Panama: Bocas del Toro,Illumina HiSeq 2500,not applicable,#NAME?,O2I,SINGLE,Reduced Representation,GENOMIC,Siderastrea siderea,ILLUMINA,2023-05-16T00:00:00Z,2023-05-16T15:02:00Z,1,O2I,SRP438050,Coral host
SRR24594013,SRR24594013.fastq.bam,RAD-Seq,assembly,36,5427252,PRJNA973074,SAMN35112924,Invertebrate,2466138,BOSTON UNIVERSITY,2015,public,"sra,bam,run.zq","s3,ncbi,gs","s3.us-east-1,gs.us-east1,ncbi.public",19 ft,SRX20377314,cdh_alltags_cc.fasta,Panama,North America,Panama: Bocas del Toro,Illumina HiSeq 2500,not applicable,#NAME?,I2E,SINGLE,Reduced Representation,GENOMIC,Siderastrea siderea,ILLUMINA,2023-05-16T00:00:00Z,2023-05-16T15:02:00Z,1,I2E,SRP438050,Coral host
SRR24594014,SRR24594014.fastq.bam,RAD-Seq,assembly,36,4381632,PRJNA973074,SAMN35112915,Invertebrate,2197532,BOSTON UNIVERSITY,2015,public,"run.zq,sra,bam","gs,s3,ncbi","s3.us-east-1,ncbi.public,gs.us-east1",19 ft,SRX20377313,cdh_alltags_cc.fasta,Panama,North America,Panama: Bocas del Toro,Illumina HiSeq 2500,not applicable,#NAME?,I2H,SINGLE,Reduced Representation,GENOMIC,Siderastrea siderea,ILLUMINA,2023-05-16T00:00:00Z,2023-05-16T15:02:00Z,1,I2H,SRP438050,Coral host
SRR24594015,SRR24594015.fastq.bam,RAD-Seq,assembly,36,3822588,PRJNA973074,SAMN35112914,Invertebrate,2049068,BOSTON UNIVERSITY,2015,public,"bam,sra,run.zq","ncbi,gs,s3","gs.us-east1,s3.us-east-1,ncbi.public",5 ft,SRX20377312,cdh_alltags_cc.fasta,Panama,North America,Panama: Bocas del Toro,Illumina HiSeq 2500,not applicable,#NAME?,I3C,SINGLE,Reduced Representation,GENOMIC,Siderastrea siderea,ILLUMINA,2023-05-16T00:00:00Z,2023-05-16T15:02:00Z,1,I3C,SRP438050,Coral host