bam,Anti,sample_id,reef_bay,species
18_S18_L001_R1_001_ACCA.nosymbio.fastq.bam,ACCA,51,Bay,PP
18_S18_L001_R1_001_AGAC.nosymbio.fastq.bam,AGAC,52,Bay,PP
18_S18_L001_R1_001_AGTG.nosymbio.fastq.bam,AGTG,53,Bay,PP
18_S18_L001_R1_001_CATC.nosymbio.fastq.bam,CATC,54,Bay,PP
18_S18_L001_R1_001_CTAC.nosymbio.fastq.bam,CTAC,55,Bay,PP
18_S18_L001_R1_001_GACT.nosymbio.fastq.bam,GACT,56,Bay,PP
18_S18_L001_R1_001_GCTT.nosymbio.fastq.bam,GCTT,57,Bay,PP
18_S18_L001_R1_001_GTGA.nosymbio.fastq.bam,GTGA,58,Bay,PP
18_S18_L001_R1_001_TCAC.nosymbio.fastq.bam,TCAC,59,Bay,PP
18_S18_L001_R1_001_TCAG.nosymbio.fastq.bam,TCAG,60,Bay,PP
18_S18_L001_R1_001_TGGT.nosymbio.fastq.bam,TGGT,1,Bay,PP
18_S18_L001_R1_001_TGTC.nosymbio.fastq.bam,TGTC,2,Bay,PP
19_S19_L001_R1_001_ACCA.nosymbio.fastq.bam,ACCA,71,Reef,PP
19_S19_L001_R1_001_AGAC.nosymbio.fastq.bam,AGAC,72,Reef,PP
19_S19_L001_R1_001_AGTG.nosymbio.fastq.bam,AGTG,73,Reef,PP
19_S19_L001_R1_001_CATC.nosymbio.fastq.bam,CATC,74,Reef,PP
19_S19_L001_R1_001_CTAC.nosymbio.fastq.bam,CTAC,75,Reef,PP
19_S19_L001_R1_001_GACT.nosymbio.fastq.bam,GACT,76,Reef,PP
19_S19_L001_R1_001_GCTT.nosymbio.fastq.bam,GCTT,77,Reef,PP
19_S19_L001_R1_001_GTGA.nosymbio.fastq.bam,GTGA,78,Reef,PP
19_S19_L001_R1_001_TCAC.nosymbio.fastq.bam,TCAC,79,Reef,PP
19_S19_L001_R1_001_TCAG.nosymbio.fastq.bam,TCAG,80,Reef,PP
19_S19_L001_R1_001_TGGT.nosymbio.fastq.bam,TGGT,3,Reef,PP
19_S19_L001_R1_001_TGTC.nosymbio.fastq.bam,TGTC,4,Reef,PP